<PAMDataset>
  <PAMRasterBand band="1">
    <GDALRasterAttributeTable>
      <FieldDefn index="0">
        <Name>OID</Name>
        <Type>0</Type>
        <Usage>0</Usage>
      </FieldDefn>
      <FieldDefn index="1">
        <Name>Value</Name>
        <Type>0</Type>
        <Usage>0</Usage>
      </FieldDefn>
      <FieldDefn index="2">
        <Name>Count</Name>
        <Type>1</Type>
        <Usage>0</Usage>
      </FieldDefn>
      <FieldDefn index="3">
        <Name>Red</Name>
        <Type>1</Type>
        <Usage>6</Usage>
      </FieldDefn>
      <FieldDefn index="4">
        <Name>Green</Name>
        <Type>1</Type>
        <Usage>7</Usage>
      </FieldDefn>
      <FieldDefn index="5">
        <Name>Blue</Name>
        <Type>1</Type>
        <Usage>8</Usage>
      </FieldDefn>
      <FieldDefn index="6">
        <Name>Opacity</Name>
        <Type>1</Type>
        <Usage>0</Usage>
      </FieldDefn>
      <Row index="0">
        <F>0</F>
        <F>0</F>
        <F>0</F>
        <F>0</F>
        <F>0</F>
        <F>0</F>
        <F>1</F>
      </Row>
      <Row index="1">
        <F>1</F>
        <F>1</F>
        <F>676912</F>
        <F>0.5346000000000001</F>
        <F>0.667221568627451</F>
        <F>0.5346000000000001</F>
        <F>1</F>
      </Row>
      <Row index="2">
        <F>2</F>
        <F>2</F>
        <F>3286583</F>
        <F>0.5292</F>
        <F>0.664443137254902</F>
        <F>0.5292</F>
        <F>1</F>
      </Row>
      <Row index="3">
        <F>3</F>
        <F>3</F>
        <F>7998587</F>
        <F>0.5238</F>
        <F>0.6616647058823529</F>
        <F>0.5238</F>
        <F>1</F>
      </Row>
      <Row index="4">
        <F>4</F>
        <F>4</F>
        <F>15600198</F>
        <F>0.5184000000000001</F>
        <F>0.658886274509804</F>
        <F>0.5184000000000001</F>
        <F>1</F>
      </Row>
      <Row index="5">
        <F>5</F>
        <F>5</F>
        <F>18934430</F>
        <F>0.513</F>
        <F>0.6561078431372549</F>
        <F>0.513</F>
        <F>1</F>
      </Row>
      <Row index="6">
        <F>6</F>
        <F>6</F>
        <F>21214820</F>
        <F>0.5076000000000001</F>
        <F>0.6533294117647059</F>
        <F>0.5076000000000001</F>
        <F>1</F>
      </Row>
      <Row index="7">
        <F>7</F>
        <F>7</F>
        <F>24750125</F>
        <F>0.5022</F>
        <F>0.6505509803921569</F>
        <F>0.5022</F>
        <F>1</F>
      </Row>
      <Row index="8">
        <F>8</F>
        <F>8</F>
        <F>26604227</F>
        <F>0.4968</F>
        <F>0.6477725490196079</F>
        <F>0.4968</F>
        <F>1</F>
      </Row>
      <Row index="9">
        <F>9</F>
        <F>9</F>
        <F>27966405</F>
        <F>0.4914000000000001</F>
        <F>0.6449941176470588</F>
        <F>0.4914000000000001</F>
        <F>1</F>
      </Row>
      <Row index="10">
        <F>10</F>
        <F>10</F>
        <F>28948077</F>
        <F>0.486</F>
        <F>0.6422156862745099</F>
        <F>0.486</F>
        <F>1</F>
      </Row>
      <Row index="11">
        <F>11</F>
        <F>11</F>
        <F>29623594</F>
        <F>0.4806</F>
        <F>0.6394372549019608</F>
        <F>0.4806</F>
        <F>1</F>
      </Row>
      <Row index="12">
        <F>12</F>
        <F>12</F>
        <F>30037445</F>
        <F>0.4752000000000001</F>
        <F>0.6366588235294118</F>
        <F>0.4752000000000001</F>
        <F>1</F>
      </Row>
      <Row index="13">
        <F>13</F>
        <F>13</F>
        <F>31190749</F>
        <F>0.4698000000000001</F>
        <F>0.6338803921568628</F>
        <F>0.4698000000000001</F>
        <F>1</F>
      </Row>
      <Row index="14">
        <F>14</F>
        <F>14</F>
        <F>31433738</F>
        <F>0.4644</F>
        <F>0.6311019607843138</F>
        <F>0.4644</F>
        <F>1</F>
      </Row>
      <Row index="15">
        <F>15</F>
        <F>15</F>
        <F>31683351</F>
        <F>0.459</F>
        <F>0.6283235294117647</F>
        <F>0.459</F>
        <F>1</F>
      </Row>
      <Row index="16">
        <F>16</F>
        <F>16</F>
        <F>34154773</F>
        <F>0.4536</F>
        <F>0.6255450980392158</F>
        <F>0.4536</F>
        <F>1</F>
      </Row>
      <Row index="17">
        <F>17</F>
        <F>17</F>
        <F>34145107</F>
        <F>0.4482</F>
        <F>0.6227666666666667</F>
        <F>0.4482</F>
        <F>1</F>
      </Row>
      <Row index="18">
        <F>18</F>
        <F>18</F>
        <F>34974850</F>
        <F>0.4428</F>
        <F>0.6199882352941177</F>
        <F>0.4428</F>
        <F>1</F>
      </Row>
      <Row index="19">
        <F>19</F>
        <F>19</F>
        <F>35432891</F>
        <F>0.4374</F>
        <F>0.6172098039215687</F>
        <F>0.4374</F>
        <F>1</F>
      </Row>
      <Row index="20">
        <F>20</F>
        <F>20</F>
        <F>35525002</F>
        <F>0.4320000000000001</F>
        <F>0.6144313725490196</F>
        <F>0.4320000000000001</F>
        <F>1</F>
      </Row>
      <Row index="21">
        <F>21</F>
        <F>21</F>
        <F>34813718</F>
        <F>0.4266</F>
        <F>0.6116529411764706</F>
        <F>0.4266</F>
        <F>1</F>
      </Row>
      <Row index="22">
        <F>22</F>
        <F>22</F>
        <F>34126872</F>
        <F>0.4212</F>
        <F>0.6088745098039217</F>
        <F>0.4212</F>
        <F>1</F>
      </Row>
      <Row index="23">
        <F>23</F>
        <F>23</F>
        <F>33579836</F>
        <F>0.4158000000000001</F>
        <F>0.6060960784313726</F>
        <F>0.4158000000000001</F>
        <F>1</F>
      </Row>
      <Row index="24">
        <F>24</F>
        <F>24</F>
        <F>33120609</F>
        <F>0.4104</F>
        <F>0.6033176470588235</F>
        <F>0.4104</F>
        <F>1</F>
      </Row>
      <Row index="25">
        <F>25</F>
        <F>25</F>
        <F>32854331</F>
        <F>0.405</F>
        <F>0.6005392156862746</F>
        <F>0.405</F>
        <F>1</F>
      </Row>
      <Row index="26">
        <F>26</F>
        <F>26</F>
        <F>32372181</F>
        <F>0.3996000000000001</F>
        <F>0.5977607843137255</F>
        <F>0.3996000000000001</F>
        <F>1</F>
      </Row>
      <Row index="27">
        <F>27</F>
        <F>27</F>
        <F>31982105</F>
        <F>0.3942</F>
        <F>0.5949823529411765</F>
        <F>0.3942</F>
        <F>1</F>
      </Row>
      <Row index="28">
        <F>28</F>
        <F>28</F>
        <F>31737393</F>
        <F>0.3888</F>
        <F>0.5922039215686274</F>
        <F>0.3888</F>
        <F>1</F>
      </Row>
      <Row index="29">
        <F>29</F>
        <F>29</F>
        <F>31518872</F>
        <F>0.3834</F>
        <F>0.5894254901960785</F>
        <F>0.3834</F>
        <F>1</F>
      </Row>
      <Row index="30">
        <F>30</F>
        <F>30</F>
        <F>31310095</F>
        <F>0.378</F>
        <F>0.5866470588235294</F>
        <F>0.378</F>
        <F>1</F>
      </Row>
      <Row index="31">
        <F>31</F>
        <F>31</F>
        <F>30965042</F>
        <F>0.3726</F>
        <F>0.5838686274509805</F>
        <F>0.3726</F>
        <F>1</F>
      </Row>
      <Row index="32">
        <F>32</F>
        <F>32</F>
        <F>30785753</F>
        <F>0.3672</F>
        <F>0.5810901960784314</F>
        <F>0.3672</F>
        <F>1</F>
      </Row>
      <Row index="33">
        <F>33</F>
        <F>33</F>
        <F>30319451</F>
        <F>0.3618</F>
        <F>0.5783117647058824</F>
        <F>0.3618</F>
        <F>1</F>
      </Row>
      <Row index="34">
        <F>34</F>
        <F>34</F>
        <F>29990522</F>
        <F>0.3564000000000001</F>
        <F>0.5755333333333333</F>
        <F>0.3564000000000001</F>
        <F>1</F>
      </Row>
      <Row index="35">
        <F>35</F>
        <F>35</F>
        <F>29669649</F>
        <F>0.351</F>
        <F>0.5727549019607844</F>
        <F>0.351</F>
        <F>1</F>
      </Row>
      <Row index="36">
        <F>36</F>
        <F>36</F>
        <F>29224345</F>
        <F>0.3456</F>
        <F>0.5699764705882353</F>
        <F>0.3456</F>
        <F>1</F>
      </Row>
      <Row index="37">
        <F>37</F>
        <F>37</F>
        <F>28819669</F>
        <F>0.3402000000000001</F>
        <F>0.5671980392156863</F>
        <F>0.3402000000000001</F>
        <F>1</F>
      </Row>
      <Row index="38">
        <F>38</F>
        <F>38</F>
        <F>28353038</F>
        <F>0.3348</F>
        <F>0.5644196078431373</F>
        <F>0.3348</F>
        <F>1</F>
      </Row>
      <Row index="39">
        <F>39</F>
        <F>39</F>
        <F>27848437</F>
        <F>0.3294</F>
        <F>0.5616411764705883</F>
        <F>0.3294</F>
        <F>1</F>
      </Row>
      <Row index="40">
        <F>40</F>
        <F>40</F>
        <F>27305666</F>
        <F>0.324</F>
        <F>0.5588627450980392</F>
        <F>0.324</F>
        <F>1</F>
      </Row>
      <Row index="41">
        <F>41</F>
        <F>41</F>
        <F>26784765</F>
        <F>0.3186</F>
        <F>0.5560843137254903</F>
        <F>0.3186</F>
        <F>1</F>
      </Row>
      <Row index="42">
        <F>42</F>
        <F>42</F>
        <F>26287409</F>
        <F>0.3132</F>
        <F>0.5533058823529412</F>
        <F>0.3132</F>
        <F>1</F>
      </Row>
      <Row index="43">
        <F>43</F>
        <F>43</F>
        <F>25843599</F>
        <F>0.3078</F>
        <F>0.5505274509803921</F>
        <F>0.3078</F>
        <F>1</F>
      </Row>
      <Row index="44">
        <F>44</F>
        <F>44</F>
        <F>25456110</F>
        <F>0.3024</F>
        <F>0.5477490196078432</F>
        <F>0.3024</F>
        <F>1</F>
      </Row>
      <Row index="45">
        <F>45</F>
        <F>45</F>
        <F>25070743</F>
        <F>0.297</F>
        <F>0.5449705882352942</F>
        <F>0.297</F>
        <F>1</F>
      </Row>
      <Row index="46">
        <F>46</F>
        <F>46</F>
        <F>24746265</F>
        <F>0.2916</F>
        <F>0.5421921568627451</F>
        <F>0.2916</F>
        <F>1</F>
      </Row>
      <Row index="47">
        <F>47</F>
        <F>47</F>
        <F>24440076</F>
        <F>0.2862</F>
        <F>0.5394137254901961</F>
        <F>0.2862</F>
        <F>1</F>
      </Row>
      <Row index="48">
        <F>48</F>
        <F>48</F>
        <F>24153011</F>
        <F>0.2808000000000001</F>
        <F>0.5366352941176471</F>
        <F>0.2808000000000001</F>
        <F>1</F>
      </Row>
      <Row index="49">
        <F>49</F>
        <F>49</F>
        <F>23899153</F>
        <F>0.2754</F>
        <F>0.533856862745098</F>
        <F>0.2754</F>
        <F>1</F>
      </Row>
      <Row index="50">
        <F>50</F>
        <F>50</F>
        <F>23698183</F>
        <F>0.27</F>
        <F>0.5310784313725491</F>
        <F>0.27</F>
        <F>1</F>
      </Row>
      <Row index="51">
        <F>51</F>
        <F>51</F>
        <F>23549692</F>
        <F>0.2646</F>
        <F>0.5283</F>
        <F>0.2646</F>
        <F>1</F>
      </Row>
      <Row index="52">
        <F>52</F>
        <F>52</F>
        <F>23492139</F>
        <F>0.2592</F>
        <F>0.525521568627451</F>
        <F>0.2592</F>
        <F>1</F>
      </Row>
      <Row index="53">
        <F>53</F>
        <F>53</F>
        <F>23489759</F>
        <F>0.2538</F>
        <F>0.522743137254902</F>
        <F>0.2538</F>
        <F>1</F>
      </Row>
      <Row index="54">
        <F>54</F>
        <F>54</F>
        <F>23585145</F>
        <F>0.2484</F>
        <F>0.519964705882353</F>
        <F>0.2484</F>
        <F>1</F>
      </Row>
      <Row index="55">
        <F>55</F>
        <F>55</F>
        <F>23724867</F>
        <F>0.243</F>
        <F>0.5171862745098039</F>
        <F>0.243</F>
        <F>1</F>
      </Row>
      <Row index="56">
        <F>56</F>
        <F>56</F>
        <F>23924436</F>
        <F>0.2376</F>
        <F>0.514407843137255</F>
        <F>0.2376</F>
        <F>1</F>
      </Row>
      <Row index="57">
        <F>57</F>
        <F>57</F>
        <F>24174647</F>
        <F>0.2322</F>
        <F>0.5116294117647059</F>
        <F>0.2322</F>
        <F>1</F>
      </Row>
      <Row index="58">
        <F>58</F>
        <F>58</F>
        <F>24423535</F>
        <F>0.2268</F>
        <F>0.5088509803921569</F>
        <F>0.2268</F>
        <F>1</F>
      </Row>
      <Row index="59">
        <F>59</F>
        <F>59</F>
        <F>24703796</F>
        <F>0.2214</F>
        <F>0.5060725490196079</F>
        <F>0.2214</F>
        <F>1</F>
      </Row>
      <Row index="60">
        <F>60</F>
        <F>60</F>
        <F>25002191</F>
        <F>0.216</F>
        <F>0.5032941176470589</F>
        <F>0.216</F>
        <F>1</F>
      </Row>
      <Row index="61">
        <F>61</F>
        <F>61</F>
        <F>25319435</F>
        <F>0.2106</F>
        <F>0.5005156862745098</F>
        <F>0.2106</F>
        <F>1</F>
      </Row>
      <Row index="62">
        <F>62</F>
        <F>62</F>
        <F>25654124</F>
        <F>0.2052</F>
        <F>0.4977372549019608</F>
        <F>0.2052</F>
        <F>1</F>
      </Row>
      <Row index="63">
        <F>63</F>
        <F>63</F>
        <F>26004103</F>
        <F>0.1998</F>
        <F>0.4949588235294118</F>
        <F>0.1998</F>
        <F>1</F>
      </Row>
      <Row index="64">
        <F>64</F>
        <F>64</F>
        <F>26401797</F>
        <F>0.1944</F>
        <F>0.4921803921568628</F>
        <F>0.1944</F>
        <F>1</F>
      </Row>
      <Row index="65">
        <F>65</F>
        <F>65</F>
        <F>26871130</F>
        <F>0.189</F>
        <F>0.4894019607843138</F>
        <F>0.189</F>
        <F>1</F>
      </Row>
      <Row index="66">
        <F>66</F>
        <F>66</F>
        <F>27431172</F>
        <F>0.1836</F>
        <F>0.4866235294117647</F>
        <F>0.1836</F>
        <F>1</F>
      </Row>
      <Row index="67">
        <F>67</F>
        <F>67</F>
        <F>28146677</F>
        <F>0.1782</F>
        <F>0.4838450980392157</F>
        <F>0.1782</F>
        <F>1</F>
      </Row>
      <Row index="68">
        <F>68</F>
        <F>68</F>
        <F>28950742</F>
        <F>0.1728</F>
        <F>0.4810666666666667</F>
        <F>0.1728</F>
        <F>1</F>
      </Row>
      <Row index="69">
        <F>69</F>
        <F>69</F>
        <F>29808418</F>
        <F>0.1674</F>
        <F>0.4782882352941177</F>
        <F>0.1674</F>
        <F>1</F>
      </Row>
      <Row index="70">
        <F>70</F>
        <F>70</F>
        <F>30787597</F>
        <F>0.162</F>
        <F>0.4755098039215686</F>
        <F>0.162</F>
        <F>1</F>
      </Row>
      <Row index="71">
        <F>71</F>
        <F>71</F>
        <F>31915187</F>
        <F>0.1566</F>
        <F>0.4727313725490197</F>
        <F>0.1566</F>
        <F>1</F>
      </Row>
      <Row index="72">
        <F>72</F>
        <F>72</F>
        <F>33152264</F>
        <F>0.1512</F>
        <F>0.4699529411764706</F>
        <F>0.1512</F>
        <F>1</F>
      </Row>
      <Row index="73">
        <F>73</F>
        <F>73</F>
        <F>34468769</F>
        <F>0.1458</F>
        <F>0.4671745098039216</F>
        <F>0.1458</F>
        <F>1</F>
      </Row>
      <Row index="74">
        <F>74</F>
        <F>74</F>
        <F>35864792</F>
        <F>0.1404</F>
        <F>0.4643960784313725</F>
        <F>0.1404</F>
        <F>1</F>
      </Row>
      <Row index="75">
        <F>75</F>
        <F>75</F>
        <F>37363571</F>
        <F>0.135</F>
        <F>0.4616176470588236</F>
        <F>0.135</F>
        <F>1</F>
      </Row>
      <Row index="76">
        <F>76</F>
        <F>76</F>
        <F>38914248</F>
        <F>0.1296</F>
        <F>0.4588392156862745</F>
        <F>0.1296</F>
        <F>1</F>
      </Row>
      <Row index="77">
        <F>77</F>
        <F>77</F>
        <F>40459910</F>
        <F>0.1242</F>
        <F>0.4560607843137255</F>
        <F>0.1242</F>
        <F>1</F>
      </Row>
      <Row index="78">
        <F>78</F>
        <F>78</F>
        <F>42073542</F>
        <F>0.1188</F>
        <F>0.4532823529411765</F>
        <F>0.1188</F>
        <F>1</F>
      </Row>
      <Row index="79">
        <F>79</F>
        <F>79</F>
        <F>43902437</F>
        <F>0.1134</F>
        <F>0.4505039215686275</F>
        <F>0.1134</F>
        <F>1</F>
      </Row>
      <Row index="80">
        <F>80</F>
        <F>80</F>
        <F>45941383</F>
        <F>0.108</F>
        <F>0.4477254901960784</F>
        <F>0.108</F>
        <F>1</F>
      </Row>
      <Row index="81">
        <F>81</F>
        <F>81</F>
        <F>48449968</F>
        <F>0.1026</F>
        <F>0.4449470588235294</F>
        <F>0.1026</F>
        <F>1</F>
      </Row>
      <Row index="82">
        <F>82</F>
        <F>82</F>
        <F>51882826</F>
        <F>0.09720000000000001</F>
        <F>0.4421686274509804</F>
        <F>0.09720000000000001</F>
        <F>1</F>
      </Row>
      <Row index="83">
        <F>83</F>
        <F>83</F>
        <F>56376412</F>
        <F>0.09179999999999999</F>
        <F>0.4393901960784314</F>
        <F>0.09179999999999999</F>
        <F>1</F>
      </Row>
      <Row index="84">
        <F>84</F>
        <F>84</F>
        <F>61400402</F>
        <F>0.08640000000000003</F>
        <F>0.4366117647058824</F>
        <F>0.08640000000000003</F>
        <F>1</F>
      </Row>
      <Row index="85">
        <F>85</F>
        <F>85</F>
        <F>66216227</F>
        <F>0.08100000000000002</F>
        <F>0.4338333333333334</F>
        <F>0.08100000000000002</F>
        <F>1</F>
      </Row>
      <Row index="86">
        <F>86</F>
        <F>86</F>
        <F>69396763</F>
        <F>0.0756</F>
        <F>0.4310549019607843</F>
        <F>0.0756</F>
        <F>1</F>
      </Row>
      <Row index="87">
        <F>87</F>
        <F>87</F>
        <F>69576703</F>
        <F>0.07019999999999999</F>
        <F>0.4282764705882353</F>
        <F>0.07019999999999999</F>
        <F>1</F>
      </Row>
      <Row index="88">
        <F>88</F>
        <F>88</F>
        <F>65309177</F>
        <F>0.06480000000000002</F>
        <F>0.4254980392156863</F>
        <F>0.06480000000000002</F>
        <F>1</F>
      </Row>
      <Row index="89">
        <F>89</F>
        <F>89</F>
        <F>58394100</F>
        <F>0.05940000000000001</F>
        <F>0.4227196078431373</F>
        <F>0.05940000000000001</F>
        <F>1</F>
      </Row>
      <Row index="90">
        <F>90</F>
        <F>90</F>
        <F>49926255</F>
        <F>0.05399999999999999</F>
        <F>0.4199411764705883</F>
        <F>0.05399999999999999</F>
        <F>1</F>
      </Row>
      <Row index="91">
        <F>91</F>
        <F>91</F>
        <F>42795510</F>
        <F>0.04860000000000003</F>
        <F>0.4171627450980392</F>
        <F>0.04860000000000003</F>
        <F>1</F>
      </Row>
      <Row index="92">
        <F>92</F>
        <F>92</F>
        <F>39518544</F>
        <F>0.04320000000000002</F>
        <F>0.4143843137254902</F>
        <F>0.04320000000000002</F>
        <F>1</F>
      </Row>
      <Row index="93">
        <F>93</F>
        <F>93</F>
        <F>39422542</F>
        <F>0.03780000000000006</F>
        <F>0.4116058823529412</F>
        <F>0.03780000000000006</F>
        <F>1</F>
      </Row>
      <Row index="94">
        <F>94</F>
        <F>94</F>
        <F>40781588</F>
        <F>0.03239999999999998</F>
        <F>0.4088274509803922</F>
        <F>0.03239999999999998</F>
        <F>1</F>
      </Row>
      <Row index="95">
        <F>95</F>
        <F>95</F>
        <F>42818830</F>
        <F>0.02700000000000002</F>
        <F>0.4060490196078432</F>
        <F>0.02700000000000002</F>
        <F>1</F>
      </Row>
      <Row index="96">
        <F>96</F>
        <F>96</F>
        <F>45752645</F>
        <F>0.02160000000000006</F>
        <F>0.4032705882352942</F>
        <F>0.02160000000000006</F>
        <F>1</F>
      </Row>
      <Row index="97">
        <F>97</F>
        <F>97</F>
        <F>51553064</F>
        <F>0.01619999999999999</F>
        <F>0.4004921568627451</F>
        <F>0.01619999999999999</F>
        <F>1</F>
      </Row>
      <Row index="98">
        <F>98</F>
        <F>98</F>
        <F>61611080</F>
        <F>0.01080000000000003</F>
        <F>0.3977137254901961</F>
        <F>0.01080000000000003</F>
        <F>1</F>
      </Row>
      <Row index="99">
        <F>99</F>
        <F>99</F>
        <F>80591260</F>
        <F>0.00539999999999996</F>
        <F>0.3949352941176471</F>
        <F>0.00539999999999996</F>
        <F>1</F>
      </Row>
      <Row index="100">
        <F>100</F>
        <F>100</F>
        <F>194530154</F>
        <F>0</F>
        <F>0.392156862745098</F>
        <F>0</F>
        <F>1</F>
      </Row>
      <Row index="101">
        <F>101</F>
        <F>101</F>
        <F>0</F>
        <F>0</F>
        <F>0</F>
        <F>0</F>
        <F>0</F>
      </Row>
      <Row index="102">
        <F>102</F>
        <F>102</F>
        <F>0</F>
        <F>0</F>
        <F>0</F>
        <F>0</F>
        <F>0</F>
      </Row>
      <Row index="103">
        <F>103</F>
        <F>103</F>
        <F>0</F>
        <F>0</F>
        <F>0</F>
        <F>0</F>
        <F>0</F>
      </Row>
      <Row index="104">
        <F>104</F>
        <F>104</F>
        <F>0</F>
        <F>0</F>
        <F>0</F>
        <F>0</F>
        <F>0</F>
      </Row>
      <Row index="105">
        <F>105</F>
        <F>105</F>
        <F>0</F>
        <F>0</F>
        <F>0</F>
        <F>0</F>
        <F>0</F>
      </Row>
      <Row index="106">
        <F>106</F>
        <F>106</F>
        <F>0</F>
        <F>0</F>
        <F>0</F>
        <F>0</F>
        <F>0</F>
      </Row>
      <Row index="107">
        <F>107</F>
        <F>107</F>
        <F>0</F>
        <F>0</F>
        <F>0</F>
        <F>0</F>
        <F>0</F>
      </Row>
      <Row index="108">
        <F>108</F>
        <F>108</F>
        <F>0</F>
        <F>0</F>
        <F>0</F>
        <F>0</F>
        <F>0</F>
      </Row>
      <Row index="109">
        <F>109</F>
        <F>109</F>
        <F>0</F>
        <F>0</F>
        <F>0</F>
        <F>0</F>
        <F>0</F>
      </Row>
      <Row index="110">
        <F>110</F>
        <F>110</F>
        <F>0</F>
        <F>0</F>
        <F>0</F>
        <F>0</F>
        <F>0</F>
      </Row>
      <Row index="111">
        <F>111</F>
        <F>111</F>
        <F>0</F>
        <F>0</F>
        <F>0</F>
        <F>0</F>
        <F>0</F>
      </Row>
      <Row index="112">
        <F>112</F>
        <F>112</F>
        <F>0</F>
        <F>0</F>
        <F>0</F>
        <F>0</F>
        <F>0</F>
      </Row>
      <Row index="113">
        <F>113</F>
        <F>113</F>
        <F>0</F>
        <F>0</F>
        <F>0</F>
        <F>0</F>
        <F>0</F>
      </Row>
      <Row index="114">
        <F>114</F>
        <F>114</F>
        <F>0</F>
        <F>0</F>
        <F>0</F>
        <F>0</F>
        <F>0</F>
      </Row>
      <Row index="115">
        <F>115</F>
        <F>115</F>
        <F>0</F>
        <F>0</F>
        <F>0</F>
        <F>0</F>
        <F>0</F>
      </Row>
      <Row index="116">
        <F>116</F>
        <F>116</F>
        <F>0</F>
        <F>0</F>
        <F>0</F>
        <F>0</F>
        <F>0</F>
      </Row>
      <Row index="117">
        <F>117</F>
        <F>117</F>
        <F>0</F>
        <F>0</F>
        <F>0</F>
        <F>0</F>
        <F>0</F>
      </Row>
      <Row index="118">
        <F>118</F>
        <F>118</F>
        <F>0</F>
        <F>0</F>
        <F>0</F>
        <F>0</F>
        <F>0</F>
      </Row>
      <Row index="119">
        <F>119</F>
        <F>119</F>
        <F>0</F>
        <F>0</F>
        <F>0</F>
        <F>0</F>
        <F>0</F>
      </Row>
      <Row index="120">
        <F>120</F>
        <F>120</F>
        <F>0</F>
        <F>0</F>
        <F>0</F>
        <F>0</F>
        <F>0</F>
      </Row>
      <Row index="121">
        <F>121</F>
        <F>121</F>
        <F>0</F>
        <F>0</F>
        <F>0</F>
        <F>0</F>
        <F>0</F>
      </Row>
      <Row index="122">
        <F>122</F>
        <F>122</F>
        <F>0</F>
        <F>0</F>
        <F>0</F>
        <F>0</F>
        <F>0</F>
      </Row>
      <Row index="123">
        <F>123</F>
        <F>123</F>
        <F>0</F>
        <F>0</F>
        <F>0</F>
        <F>0</F>
        <F>0</F>
      </Row>
      <Row index="124">
        <F>124</F>
        <F>124</F>
        <F>0</F>
        <F>0</F>
        <F>0</F>
        <F>0</F>
        <F>0</F>
      </Row>
      <Row index="125">
        <F>125</F>
        <F>125</F>
        <F>0</F>
        <F>0</F>
        <F>0</F>
        <F>0</F>
        <F>0</F>
      </Row>
      <Row index="126">
        <F>126</F>
        <F>126</F>
        <F>0</F>
        <F>0</F>
        <F>0</F>
        <F>0</F>
        <F>0</F>
      </Row>
      <Row index="127">
        <F>127</F>
        <F>127</F>
        <F>0</F>
        <F>0</F>
        <F>0</F>
        <F>0</F>
        <F>0</F>
      </Row>
      <Row index="128">
        <F>128</F>
        <F>128</F>
        <F>0</F>
        <F>0</F>
        <F>0</F>
        <F>0</F>
        <F>0</F>
      </Row>
      <Row index="129">
        <F>129</F>
        <F>129</F>
        <F>0</F>
        <F>0</F>
        <F>0</F>
        <F>0</F>
        <F>0</F>
      </Row>
      <Row index="130">
        <F>130</F>
        <F>130</F>
        <F>0</F>
        <F>0</F>
        <F>0</F>
        <F>0</F>
        <F>0</F>
      </Row>
      <Row index="131">
        <F>131</F>
        <F>131</F>
        <F>0</F>
        <F>0</F>
        <F>0</F>
        <F>0</F>
        <F>0</F>
      </Row>
      <Row index="132">
        <F>132</F>
        <F>132</F>
        <F>0</F>
        <F>0</F>
        <F>0</F>
        <F>0</F>
        <F>0</F>
      </Row>
      <Row index="133">
        <F>133</F>
        <F>133</F>
        <F>0</F>
        <F>0</F>
        <F>0</F>
        <F>0</F>
        <F>0</F>
      </Row>
      <Row index="134">
        <F>134</F>
        <F>134</F>
        <F>0</F>
        <F>0</F>
        <F>0</F>
        <F>0</F>
        <F>0</F>
      </Row>
      <Row index="135">
        <F>135</F>
        <F>135</F>
        <F>0</F>
        <F>0</F>
        <F>0</F>
        <F>0</F>
        <F>0</F>
      </Row>
      <Row index="136">
        <F>136</F>
        <F>136</F>
        <F>0</F>
        <F>0</F>
        <F>0</F>
        <F>0</F>
        <F>0</F>
      </Row>
      <Row index="137">
        <F>137</F>
        <F>137</F>
        <F>0</F>
        <F>0</F>
        <F>0</F>
        <F>0</F>
        <F>0</F>
      </Row>
      <Row index="138">
        <F>138</F>
        <F>138</F>
        <F>0</F>
        <F>0</F>
        <F>0</F>
        <F>0</F>
        <F>0</F>
      </Row>
      <Row index="139">
        <F>139</F>
        <F>139</F>
        <F>0</F>
        <F>0</F>
        <F>0</F>
        <F>0</F>
        <F>0</F>
      </Row>
      <Row index="140">
        <F>140</F>
        <F>140</F>
        <F>0</F>
        <F>0</F>
        <F>0</F>
        <F>0</F>
        <F>0</F>
      </Row>
      <Row index="141">
        <F>141</F>
        <F>141</F>
        <F>0</F>
        <F>0</F>
        <F>0</F>
        <F>0</F>
        <F>0</F>
      </Row>
      <Row index="142">
        <F>142</F>
        <F>142</F>
        <F>0</F>
        <F>0</F>
        <F>0</F>
        <F>0</F>
        <F>0</F>
      </Row>
      <Row index="143">
        <F>143</F>
        <F>143</F>
        <F>0</F>
        <F>0</F>
        <F>0</F>
        <F>0</F>
        <F>0</F>
      </Row>
      <Row index="144">
        <F>144</F>
        <F>144</F>
        <F>0</F>
        <F>0</F>
        <F>0</F>
        <F>0</F>
        <F>0</F>
      </Row>
      <Row index="145">
        <F>145</F>
        <F>145</F>
        <F>0</F>
        <F>0</F>
        <F>0</F>
        <F>0</F>
        <F>0</F>
      </Row>
      <Row index="146">
        <F>146</F>
        <F>146</F>
        <F>0</F>
        <F>0</F>
        <F>0</F>
        <F>0</F>
        <F>0</F>
      </Row>
      <Row index="147">
        <F>147</F>
        <F>147</F>
        <F>0</F>
        <F>0</F>
        <F>0</F>
        <F>0</F>
        <F>0</F>
      </Row>
      <Row index="148">
        <F>148</F>
        <F>148</F>
        <F>0</F>
        <F>0</F>
        <F>0</F>
        <F>0</F>
        <F>0</F>
      </Row>
      <Row index="149">
        <F>149</F>
        <F>149</F>
        <F>0</F>
        <F>0</F>
        <F>0</F>
        <F>0</F>
        <F>0</F>
      </Row>
      <Row index="150">
        <F>150</F>
        <F>150</F>
        <F>0</F>
        <F>0</F>
        <F>0</F>
        <F>0</F>
        <F>0</F>
      </Row>
      <Row index="151">
        <F>151</F>
        <F>151</F>
        <F>0</F>
        <F>0</F>
        <F>0</F>
        <F>0</F>
        <F>0</F>
      </Row>
      <Row index="152">
        <F>152</F>
        <F>152</F>
        <F>0</F>
        <F>0</F>
        <F>0</F>
        <F>0</F>
        <F>0</F>
      </Row>
      <Row index="153">
        <F>153</F>
        <F>153</F>
        <F>0</F>
        <F>0</F>
        <F>0</F>
        <F>0</F>
        <F>0</F>
      </Row>
      <Row index="154">
        <F>154</F>
        <F>154</F>
        <F>0</F>
        <F>0</F>
        <F>0</F>
        <F>0</F>
        <F>0</F>
      </Row>
      <Row index="155">
        <F>155</F>
        <F>155</F>
        <F>0</F>
        <F>0</F>
        <F>0</F>
        <F>0</F>
        <F>0</F>
      </Row>
      <Row index="156">
        <F>156</F>
        <F>156</F>
        <F>0</F>
        <F>0</F>
        <F>0</F>
        <F>0</F>
        <F>0</F>
      </Row>
      <Row index="157">
        <F>157</F>
        <F>157</F>
        <F>0</F>
        <F>0</F>
        <F>0</F>
        <F>0</F>
        <F>0</F>
      </Row>
      <Row index="158">
        <F>158</F>
        <F>158</F>
        <F>0</F>
        <F>0</F>
        <F>0</F>
        <F>0</F>
        <F>0</F>
      </Row>
      <Row index="159">
        <F>159</F>
        <F>159</F>
        <F>0</F>
        <F>0</F>
        <F>0</F>
        <F>0</F>
        <F>0</F>
      </Row>
      <Row index="160">
        <F>160</F>
        <F>160</F>
        <F>0</F>
        <F>0</F>
        <F>0</F>
        <F>0</F>
        <F>0</F>
      </Row>
      <Row index="161">
        <F>161</F>
        <F>161</F>
        <F>0</F>
        <F>0</F>
        <F>0</F>
        <F>0</F>
        <F>0</F>
      </Row>
      <Row index="162">
        <F>162</F>
        <F>162</F>
        <F>0</F>
        <F>0</F>
        <F>0</F>
        <F>0</F>
        <F>0</F>
      </Row>
      <Row index="163">
        <F>163</F>
        <F>163</F>
        <F>0</F>
        <F>0</F>
        <F>0</F>
        <F>0</F>
        <F>0</F>
      </Row>
      <Row index="164">
        <F>164</F>
        <F>164</F>
        <F>0</F>
        <F>0</F>
        <F>0</F>
        <F>0</F>
        <F>0</F>
      </Row>
      <Row index="165">
        <F>165</F>
        <F>165</F>
        <F>0</F>
        <F>0</F>
        <F>0</F>
        <F>0</F>
        <F>0</F>
      </Row>
      <Row index="166">
        <F>166</F>
        <F>166</F>
        <F>0</F>
        <F>0</F>
        <F>0</F>
        <F>0</F>
        <F>0</F>
      </Row>
      <Row index="167">
        <F>167</F>
        <F>167</F>
        <F>0</F>
        <F>0</F>
        <F>0</F>
        <F>0</F>
        <F>0</F>
      </Row>
      <Row index="168">
        <F>168</F>
        <F>168</F>
        <F>0</F>
        <F>0</F>
        <F>0</F>
        <F>0</F>
        <F>0</F>
      </Row>
      <Row index="169">
        <F>169</F>
        <F>169</F>
        <F>0</F>
        <F>0</F>
        <F>0</F>
        <F>0</F>
        <F>0</F>
      </Row>
      <Row index="170">
        <F>170</F>
        <F>170</F>
        <F>0</F>
        <F>0</F>
        <F>0</F>
        <F>0</F>
        <F>0</F>
      </Row>
      <Row index="171">
        <F>171</F>
        <F>171</F>
        <F>0</F>
        <F>0</F>
        <F>0</F>
        <F>0</F>
        <F>0</F>
      </Row>
      <Row index="172">
        <F>172</F>
        <F>172</F>
        <F>0</F>
        <F>0</F>
        <F>0</F>
        <F>0</F>
        <F>0</F>
      </Row>
      <Row index="173">
        <F>173</F>
        <F>173</F>
        <F>0</F>
        <F>0</F>
        <F>0</F>
        <F>0</F>
        <F>0</F>
      </Row>
      <Row index="174">
        <F>174</F>
        <F>174</F>
        <F>0</F>
        <F>0</F>
        <F>0</F>
        <F>0</F>
        <F>0</F>
      </Row>
      <Row index="175">
        <F>175</F>
        <F>175</F>
        <F>0</F>
        <F>0</F>
        <F>0</F>
        <F>0</F>
        <F>0</F>
      </Row>
      <Row index="176">
        <F>176</F>
        <F>176</F>
        <F>0</F>
        <F>0</F>
        <F>0</F>
        <F>0</F>
        <F>0</F>
      </Row>
      <Row index="177">
        <F>177</F>
        <F>177</F>
        <F>0</F>
        <F>0</F>
        <F>0</F>
        <F>0</F>
        <F>0</F>
      </Row>
      <Row index="178">
        <F>178</F>
        <F>178</F>
        <F>0</F>
        <F>0</F>
        <F>0</F>
        <F>0</F>
        <F>0</F>
      </Row>
      <Row index="179">
        <F>179</F>
        <F>179</F>
        <F>0</F>
        <F>0</F>
        <F>0</F>
        <F>0</F>
        <F>0</F>
      </Row>
      <Row index="180">
        <F>180</F>
        <F>180</F>
        <F>0</F>
        <F>0</F>
        <F>0</F>
        <F>0</F>
        <F>0</F>
      </Row>
      <Row index="181">
        <F>181</F>
        <F>181</F>
        <F>0</F>
        <F>0</F>
        <F>0</F>
        <F>0</F>
        <F>0</F>
      </Row>
      <Row index="182">
        <F>182</F>
        <F>182</F>
        <F>0</F>
        <F>0</F>
        <F>0</F>
        <F>0</F>
        <F>0</F>
      </Row>
      <Row index="183">
        <F>183</F>
        <F>183</F>
        <F>0</F>
        <F>0</F>
        <F>0</F>
        <F>0</F>
        <F>0</F>
      </Row>
      <Row index="184">
        <F>184</F>
        <F>184</F>
        <F>0</F>
        <F>0</F>
        <F>0</F>
        <F>0</F>
        <F>0</F>
      </Row>
      <Row index="185">
        <F>185</F>
        <F>185</F>
        <F>0</F>
        <F>0</F>
        <F>0</F>
        <F>0</F>
        <F>0</F>
      </Row>
      <Row index="186">
        <F>186</F>
        <F>186</F>
        <F>0</F>
        <F>0</F>
        <F>0</F>
        <F>0</F>
        <F>0</F>
      </Row>
      <Row index="187">
        <F>187</F>
        <F>187</F>
        <F>0</F>
        <F>0</F>
        <F>0</F>
        <F>0</F>
        <F>0</F>
      </Row>
      <Row index="188">
        <F>188</F>
        <F>188</F>
        <F>0</F>
        <F>0</F>
        <F>0</F>
        <F>0</F>
        <F>0</F>
      </Row>
      <Row index="189">
        <F>189</F>
        <F>189</F>
        <F>0</F>
        <F>0</F>
        <F>0</F>
        <F>0</F>
        <F>0</F>
      </Row>
      <Row index="190">
        <F>190</F>
        <F>190</F>
        <F>0</F>
        <F>0</F>
        <F>0</F>
        <F>0</F>
        <F>0</F>
      </Row>
      <Row index="191">
        <F>191</F>
        <F>191</F>
        <F>0</F>
        <F>0</F>
        <F>0</F>
        <F>0</F>
        <F>0</F>
      </Row>
      <Row index="192">
        <F>192</F>
        <F>192</F>
        <F>0</F>
        <F>0</F>
        <F>0</F>
        <F>0</F>
        <F>0</F>
      </Row>
      <Row index="193">
        <F>193</F>
        <F>193</F>
        <F>0</F>
        <F>0</F>
        <F>0</F>
        <F>0</F>
        <F>0</F>
      </Row>
      <Row index="194">
        <F>194</F>
        <F>194</F>
        <F>0</F>
        <F>0</F>
        <F>0</F>
        <F>0</F>
        <F>0</F>
      </Row>
      <Row index="195">
        <F>195</F>
        <F>195</F>
        <F>0</F>
        <F>0</F>
        <F>0</F>
        <F>0</F>
        <F>0</F>
      </Row>
      <Row index="196">
        <F>196</F>
        <F>196</F>
        <F>0</F>
        <F>0</F>
        <F>0</F>
        <F>0</F>
        <F>0</F>
      </Row>
      <Row index="197">
        <F>197</F>
        <F>197</F>
        <F>0</F>
        <F>0</F>
        <F>0</F>
        <F>0</F>
        <F>0</F>
      </Row>
      <Row index="198">
        <F>198</F>
        <F>198</F>
        <F>0</F>
        <F>0</F>
        <F>0</F>
        <F>0</F>
        <F>0</F>
      </Row>
      <Row index="199">
        <F>199</F>
        <F>199</F>
        <F>0</F>
        <F>0</F>
        <F>0</F>
        <F>0</F>
        <F>0</F>
      </Row>
      <Row index="200">
        <F>200</F>
        <F>200</F>
        <F>0</F>
        <F>0</F>
        <F>0</F>
        <F>0</F>
        <F>0</F>
      </Row>
      <Row index="201">
        <F>201</F>
        <F>201</F>
        <F>0</F>
        <F>0</F>
        <F>0</F>
        <F>0</F>
        <F>0</F>
      </Row>
      <Row index="202">
        <F>202</F>
        <F>202</F>
        <F>0</F>
        <F>0</F>
        <F>0</F>
        <F>0</F>
        <F>0</F>
      </Row>
      <Row index="203">
        <F>203</F>
        <F>203</F>
        <F>0</F>
        <F>0</F>
        <F>0</F>
        <F>0</F>
        <F>0</F>
      </Row>
      <Row index="204">
        <F>204</F>
        <F>204</F>
        <F>0</F>
        <F>0</F>
        <F>0</F>
        <F>0</F>
        <F>0</F>
      </Row>
      <Row index="205">
        <F>205</F>
        <F>205</F>
        <F>0</F>
        <F>0</F>
        <F>0</F>
        <F>0</F>
        <F>0</F>
      </Row>
      <Row index="206">
        <F>206</F>
        <F>206</F>
        <F>0</F>
        <F>0</F>
        <F>0</F>
        <F>0</F>
        <F>0</F>
      </Row>
      <Row index="207">
        <F>207</F>
        <F>207</F>
        <F>0</F>
        <F>0</F>
        <F>0</F>
        <F>0</F>
        <F>0</F>
      </Row>
      <Row index="208">
        <F>208</F>
        <F>208</F>
        <F>0</F>
        <F>0</F>
        <F>0</F>
        <F>0</F>
        <F>0</F>
      </Row>
      <Row index="209">
        <F>209</F>
        <F>209</F>
        <F>0</F>
        <F>0</F>
        <F>0</F>
        <F>0</F>
        <F>0</F>
      </Row>
      <Row index="210">
        <F>210</F>
        <F>210</F>
        <F>0</F>
        <F>0</F>
        <F>0</F>
        <F>0</F>
        <F>0</F>
      </Row>
      <Row index="211">
        <F>211</F>
        <F>211</F>
        <F>0</F>
        <F>0</F>
        <F>0</F>
        <F>0</F>
        <F>0</F>
      </Row>
      <Row index="212">
        <F>212</F>
        <F>212</F>
        <F>0</F>
        <F>0</F>
        <F>0</F>
        <F>0</F>
        <F>0</F>
      </Row>
      <Row index="213">
        <F>213</F>
        <F>213</F>
        <F>0</F>
        <F>0</F>
        <F>0</F>
        <F>0</F>
        <F>0</F>
      </Row>
      <Row index="214">
        <F>214</F>
        <F>214</F>
        <F>0</F>
        <F>0</F>
        <F>0</F>
        <F>0</F>
        <F>0</F>
      </Row>
      <Row index="215">
        <F>215</F>
        <F>215</F>
        <F>0</F>
        <F>0</F>
        <F>0</F>
        <F>0</F>
        <F>0</F>
      </Row>
      <Row index="216">
        <F>216</F>
        <F>216</F>
        <F>0</F>
        <F>0</F>
        <F>0</F>
        <F>0</F>
        <F>0</F>
      </Row>
      <Row index="217">
        <F>217</F>
        <F>217</F>
        <F>0</F>
        <F>0</F>
        <F>0</F>
        <F>0</F>
        <F>0</F>
      </Row>
      <Row index="218">
        <F>218</F>
        <F>218</F>
        <F>0</F>
        <F>0</F>
        <F>0</F>
        <F>0</F>
        <F>0</F>
      </Row>
      <Row index="219">
        <F>219</F>
        <F>219</F>
        <F>0</F>
        <F>0</F>
        <F>0</F>
        <F>0</F>
        <F>0</F>
      </Row>
      <Row index="220">
        <F>220</F>
        <F>220</F>
        <F>0</F>
        <F>0</F>
        <F>0</F>
        <F>0</F>
        <F>0</F>
      </Row>
      <Row index="221">
        <F>221</F>
        <F>221</F>
        <F>0</F>
        <F>0</F>
        <F>0</F>
        <F>0</F>
        <F>0</F>
      </Row>
      <Row index="222">
        <F>222</F>
        <F>222</F>
        <F>0</F>
        <F>0</F>
        <F>0</F>
        <F>0</F>
        <F>0</F>
      </Row>
      <Row index="223">
        <F>223</F>
        <F>223</F>
        <F>0</F>
        <F>0</F>
        <F>0</F>
        <F>0</F>
        <F>0</F>
      </Row>
      <Row index="224">
        <F>224</F>
        <F>224</F>
        <F>0</F>
        <F>0</F>
        <F>0</F>
        <F>0</F>
        <F>0</F>
      </Row>
      <Row index="225">
        <F>225</F>
        <F>225</F>
        <F>0</F>
        <F>0</F>
        <F>0</F>
        <F>0</F>
        <F>0</F>
      </Row>
      <Row index="226">
        <F>226</F>
        <F>226</F>
        <F>0</F>
        <F>0</F>
        <F>0</F>
        <F>0</F>
        <F>0</F>
      </Row>
      <Row index="227">
        <F>227</F>
        <F>227</F>
        <F>0</F>
        <F>0</F>
        <F>0</F>
        <F>0</F>
        <F>0</F>
      </Row>
      <Row index="228">
        <F>228</F>
        <F>228</F>
        <F>0</F>
        <F>0</F>
        <F>0</F>
        <F>0</F>
        <F>0</F>
      </Row>
      <Row index="229">
        <F>229</F>
        <F>229</F>
        <F>0</F>
        <F>0</F>
        <F>0</F>
        <F>0</F>
        <F>0</F>
      </Row>
      <Row index="230">
        <F>230</F>
        <F>230</F>
        <F>0</F>
        <F>0</F>
        <F>0</F>
        <F>0</F>
        <F>0</F>
      </Row>
      <Row index="231">
        <F>231</F>
        <F>231</F>
        <F>0</F>
        <F>0</F>
        <F>0</F>
        <F>0</F>
        <F>0</F>
      </Row>
      <Row index="232">
        <F>232</F>
        <F>232</F>
        <F>0</F>
        <F>0</F>
        <F>0</F>
        <F>0</F>
        <F>0</F>
      </Row>
      <Row index="233">
        <F>233</F>
        <F>233</F>
        <F>0</F>
        <F>0</F>
        <F>0</F>
        <F>0</F>
        <F>0</F>
      </Row>
      <Row index="234">
        <F>234</F>
        <F>234</F>
        <F>0</F>
        <F>0</F>
        <F>0</F>
        <F>0</F>
        <F>0</F>
      </Row>
      <Row index="235">
        <F>235</F>
        <F>235</F>
        <F>0</F>
        <F>0</F>
        <F>0</F>
        <F>0</F>
        <F>0</F>
      </Row>
      <Row index="236">
        <F>236</F>
        <F>236</F>
        <F>0</F>
        <F>0</F>
        <F>0</F>
        <F>0</F>
        <F>0</F>
      </Row>
      <Row index="237">
        <F>237</F>
        <F>237</F>
        <F>0</F>
        <F>0</F>
        <F>0</F>
        <F>0</F>
        <F>0</F>
      </Row>
      <Row index="238">
        <F>238</F>
        <F>238</F>
        <F>0</F>
        <F>0</F>
        <F>0</F>
        <F>0</F>
        <F>0</F>
      </Row>
      <Row index="239">
        <F>239</F>
        <F>239</F>
        <F>0</F>
        <F>0</F>
        <F>0</F>
        <F>0</F>
        <F>0</F>
      </Row>
      <Row index="240">
        <F>240</F>
        <F>240</F>
        <F>0</F>
        <F>0</F>
        <F>0</F>
        <F>0</F>
        <F>0</F>
      </Row>
      <Row index="241">
        <F>241</F>
        <F>241</F>
        <F>0</F>
        <F>0</F>
        <F>0</F>
        <F>0</F>
        <F>0</F>
      </Row>
      <Row index="242">
        <F>242</F>
        <F>242</F>
        <F>0</F>
        <F>0</F>
        <F>0</F>
        <F>0</F>
        <F>0</F>
      </Row>
      <Row index="243">
        <F>243</F>
        <F>243</F>
        <F>0</F>
        <F>0</F>
        <F>0</F>
        <F>0</F>
        <F>0</F>
      </Row>
      <Row index="244">
        <F>244</F>
        <F>244</F>
        <F>0</F>
        <F>0</F>
        <F>0</F>
        <F>0</F>
        <F>0</F>
      </Row>
      <Row index="245">
        <F>245</F>
        <F>245</F>
        <F>0</F>
        <F>0</F>
        <F>0</F>
        <F>0</F>
        <F>0</F>
      </Row>
      <Row index="246">
        <F>246</F>
        <F>246</F>
        <F>0</F>
        <F>0</F>
        <F>0</F>
        <F>0</F>
        <F>0</F>
      </Row>
      <Row index="247">
        <F>247</F>
        <F>247</F>
        <F>0</F>
        <F>0</F>
        <F>0</F>
        <F>0</F>
        <F>0</F>
      </Row>
      <Row index="248">
        <F>248</F>
        <F>248</F>
        <F>0</F>
        <F>0</F>
        <F>0</F>
        <F>0</F>
        <F>0</F>
      </Row>
      <Row index="249">
        <F>249</F>
        <F>249</F>
        <F>0</F>
        <F>0</F>
        <F>0</F>
        <F>0</F>
        <F>0</F>
      </Row>
      <Row index="250">
        <F>250</F>
        <F>250</F>
        <F>0</F>
        <F>0</F>
        <F>0</F>
        <F>0</F>
        <F>0</F>
      </Row>
      <Row index="251">
        <F>251</F>
        <F>251</F>
        <F>0</F>
        <F>0</F>
        <F>0</F>
        <F>0</F>
        <F>0</F>
      </Row>
      <Row index="252">
        <F>252</F>
        <F>252</F>
        <F>0</F>
        <F>0</F>
        <F>0</F>
        <F>0</F>
        <F>0</F>
      </Row>
      <Row index="253">
        <F>253</F>
        <F>253</F>
        <F>0</F>
        <F>0</F>
        <F>0</F>
        <F>0</F>
        <F>0</F>
      </Row>
      <Row index="254">
        <F>254</F>
        <F>254</F>
        <F>0</F>
        <F>0</F>
        <F>0</F>
        <F>0</F>
        <F>0</F>
      </Row>
      <Row index="255">
        <F>255</F>
        <F>255</F>
        <F>0</F>
        <F>0</F>
        <F>0</F>
        <F>0</F>
        <F>0</F>
      </Row>
    </GDALRasterAttributeTable>
  </PAMRasterBand>
</PAMDataset>
