<metadata>
  <idinfo>
    <citation>
      <citeinfo>
        <origin>U.S. Geological Survey</origin>
        <pubdate>20140331</pubdate>
        <title>NLCD2011 USFS Percent Tree Canopy (Cartographic Version): NLCD2011_CAN_N36W093</title>
        <edition>1.0</edition>
        <geoform>raster digital data</geoform>
        <serinfo>
          <sername>none</sername>
          <issue>none</issue>
        </serinfo>
        <pubinfo>
          <pubplace>USGS/EROS, 47914 252nd Street, Sioux Falls, SD, 57198-0001, US</pubplace>
          <publish>U.S. Geological Survey</publish>
        </pubinfo>
        <othercit>References: (1.0 Edition) Benton et al., (In Preparation). A strategy for estimating tree canopy cover using Landsat 5 Thematic Mapper (TM) images over large areas. Brand, Gary J.; Nelson, Mark D.; Wendt, Daniel G.; Nimerfro, Kevin K. 2000. The hexagon/panel system for selecting FIA plots under an annual inventory. In: McRoberts, Ronald E.; Reams, Gregory A.; Van Deusen, Paul C., eds. Proceedings of the First Annual Forest Inventory and Analysis Symposium; Gen. Tech. Rep. NC-213. St. Paul, MN: U.S. Department of Agriculture, Forest Service, North Central Research Station: 8-13. Breiman, L. 2001. Random forests. Machine Learning 45:15?32. Chander, G.; Markham, B.L.; Helder, D.L. 2009. Summary of current radiometric calibration coefficients for Landsat MSS, TM, ETM+, and EO-1 ALI sensors. Remote Sensing of Environment 113(2009): 893-903. Chavez, P.S. 1988. An improved dark-object subtraction technique for atmospheric scattering correction of multispectral data. Remote Sensing of Environment 24(1988): 459-479. Coulston, John W.; Jacobs, Dennis M.; King, Chris R.; Elmore, Ivey C. 2013. The influence of multi-season imagery on models of canopy cover: a case study. Photogrammetric Engineering &amp; Remote Sensing 79(5):469?477. Coulston, John W.; Moisen, Gretchen G.; Wilson, Barry T.; Finco, Mark V.; Cohen, Warren B.; Brewer, C. Kenneth. 2012. Modeling percent tree canopy cover: a pilot study. Photogrammetric Engineering &amp; Remote Sensing 78(7): 715?727. Cutler, R.D.; Edwards, T.C.; Beard, K.H.; Cutler, A.; Hess, K.T.; Gibson, J.; Lawler, J.J. 007. Random forest for classification in ecology. Ecology 88 (11):2783-2792. Huang, C.; Yang, L.; Wylie, B.; Homer, C. 2001. A strategy for estimating tree canopy density  sing Landsat 7 ETM+ and high resolution images over large areas. In: Third International Conference on Geospatial Information in Agriculture and Forestry; November 5-7, 2001; Denver, Colorado. CD-ROM, 1 disk. Moisen, Gretchen G.; Coulston, John W.; Wilson, Barry T.; Cohen, Warren B.; Finco, Mark V. 2012. Choosing appropriate subpopulations for modeling tree canopy cover nationwide. In: McWilliams, Will; Roesch, Francis A., eds. 2012. Monitoring Across Borders: 2010 Joint Meeting of the Forest Inventory and Analysis (FIA) Symposium and the Southern Mensurationists. e-Gen. Tech. Rep. SRS-157. Asheville, NC: US Department of Agriculture, Forest Service, Southern Research Station: 195-200. Tipton, John; Moisen, Gretchen; Patterson, Paul; Jackson, Thomas A.; Coulston, John. 2012. Sampling intensity and normalizations: Exploring cost-driving factors in nationwide mapping of tree canopy cover. In: McWilliams, Will; Roesch, Francis A., eds. 2012. Monitoring Across Borders: 2010 Joint Meeting of the Forest Inventory and Analysis (FIA) Symposium and the Southern Mensurationists. e-Gen. Tech. Rep. SRS-157. Asheville, NC: US Department of Agriculture, Forest Service, Southern Research Station: 201-208. Zhu, Z.; Woodcock, C.E. 2012. Object-based cloud and cloud shadow detection in Landsat imagery. Remote Sensing of Environment. 118(2012): 83-94.</othercit>
        <lworkcit>
          <citeinfo>
            <origin>U.S. Geological Survey</origin>
            <pubdate>20140101</pubdate>
            <title>NLCD 2011</title>
            <edition>4.0</edition>
            <geoform>raster digital data</geoform>
            <serinfo>
              <sername>none</sername>
              <issue>none</issue>
            </serinfo>
            <pubinfo>
              <pubplace>Sioux Falls, SD</pubplace>
              <publish>U.S. Geological Survey</publish>
            </pubinfo>
            <othercit>References:
Fry, J.; Xian, G.; Jin, S.; Dewitz, J.; Homer, C.; Yang, L.; Barnes, C.; Herold, N.; Wickham, J. 2011. Completion of the 2006 National Land Cover Database for the conterminous United States, Photogrammetric Engineering &amp; Remote Sensing 77(9):858-864.

Homer, C.; Gallant, A. 2001. Partitioning the conterminous United States into mapping zones for Landsat TM land cover mapping, USGS Draft White Paper. http://landcover.usgs.gov/pdf/homer.pdf

Homer, C.; Huang, C.; Yang, L.; Wylie, W.; Coan, M. 2004. Development of a 2001 National Land-Cover Database for the United States. Photogrammetric Engineering &amp; Remote Sensing 70(7): 829-840.</othercit>
            <onlink>http://tdds.cr.usgs.gov/metadata/nlcd/2011/canopy/nlcd_2011_canopy.htm</onlink>
            <onlink>http://nationalmap.gov/viewer.html</onlink>
          </citeinfo>
        </lworkcit>
        <onlink>http://gisdata.usgs.gov/tdds/downloadfile.php?TYPE=nlcd2011_can_3x3&amp;ORIG=META&amp;FNAME=NLCD2011_CAN_N36W093.zip</onlink>
        <onlink>http://tdds.cr.usgs.gov/metadata/nlcd/2011/canopy/conus/NLCD2011_CAN_N36W093.htm</onlink>
        <onlink>http://nationalmap.gov/viewer.html</onlink>
      </citeinfo>
    </citation>
    <descript>
      <abstract>The National Land Cover Database 2011 (NLCD2011) USFS percent tree canopy product was produced through a cooperative project conducted by the Multi-Resolution Land Characteristics (MRLC) Consortium (www.mrlc.gov). The MRLC Consortium is a partnership of federal agencies, consisting of the U.S. Geological Survey, the National Oceanic and Atmospheric Administration, the U.S. Environmental Protection Agency, the U.S. Department of Agriculture (USDA) National Agricultural Statistics Service, the U.S. Forest Service, the National Park Service, the U.S. Fish and Wildlife Service, the Bureau of Land Management, NASA, and the U.S. Army Corps of Engineers. One of the primary goals of the project was to generate current, consistent, and seamless national land cover, percent tree canopy, and percent impervious cover at medium spatial resolution. This product is the cartographic version of the NLCD2011 percent tree canopy cover dataset for CONUS at medium spatial resolution (30 m). It was produced by the USDA Forest Service Remote Sensing Applications Center (RSAC). Tree canopy values range from 0 to 100 percent. The analytic tree canopy layer was produced using a Random Forests? regression algorithm. The cartographic product is a filtered version of the regression algorithm output.</abstract>
      <purpose>The goal of this project is to provide the Nation with complete, current and consistent public domain information on its tree canopy cover.</purpose>
      <supplinf>Corner Coordinates (center of pixel, meters): upper left: -2362845 (X), 3180555(Y); lower right: 2266440 (X), 251175 (Y).</supplinf>
    </descript>
    <timeperd>
      <timeinfo>
        <rngdates>
          <begdate>20070101</begdate>
          <enddate>20110101</enddate>
        </rngdates>
      </timeinfo>
      <current>ground condition</current>
    </timeperd>
    <status>
      <progress>Complete</progress>
      <update>As needed</update>
    </status>
    <spdom>
      <bounding>
        <westbc>-96</westbc>
        <eastbc>-93</eastbc>
        <northbc>39</northbc>
        <southbc>36</southbc>
      </bounding>
    </spdom>
    <keywords>
      <theme>
        <themekt>None</themekt>
        <themekey>Digital Spatial Data</themekey>
        <themekey>U.S. Forest Service</themekey>
        <themekey>Remote Sensing</themekey>
        <themekey>Percent Tree Canopy</themekey>
        <themekey>Continuous</themekey>
        <themekey>GIS</themekey>
        <themekey>Tree Canopy Cover</themekey>
        <themekey>USFS</themekey>
      </theme>
      <theme>
        <themekt>ISO 19115 Topic Category</themekt>
        <themekey>Earth Covers</themekey>
        <themekey>Imagery</themekey>
        <themekey>Base Map</themekey>
        <themekey>imageryBaseMapEarthCover</themekey>
      </theme>
      <place>
        <placekt>U.S. Department of Commerce, 1995, Countries, dependencies, areas of special sovereignty, and their principal administrative divisions, Federal Information Processing Standard 10-4: Washington, D.C., National Institute of Standards and Technology</placekt>
        <placekey>U.S.A.</placekey>
        <placekey>United States of America</placekey>
        <placekey>US</placekey>
        <placekey>United States</placekey>
        <placekey>USA</placekey>
        <placekey>U.S.</placekey>
      </place>
    </keywords>
    <accconst>None</accconst>
    <useconst>Any hardcopy or electronic products utilizing these datasets will clearly indicate their source. If the user has modified the data in any way, they are obligated to describe the types of modifications they have performed. User specifically agrees not to misrepresent these data sets, nor to imply that the MRLC approved the changes. Any data downloaded must be properly cited.</useconst>
    <ptcontac>
      <cntinfo>
        <cntorgp>
          <cntorg>U.S. Geological Survey</cntorg>
        </cntorgp>
        <cntpos>Customer Services Representative</cntpos>
        <cntaddr>
          <addrtype>mailing and physical</addrtype>
          <address>USGS/EROS</address>
          <address>47914 252nd Street</address>
          <city>Sioux Falls</city>
          <state>SD</state>
          <postal>57198-0001</postal>
          <country>US</country>
        </cntaddr>
        <cntvoice>605/594-6151</cntvoice>
        <cnttdd>605/594-6933</cnttdd>
        <cntfax>605/594-6589</cntfax>
        <cntemail>tnm_help@usgs.gov</cntemail>
        <hours>0800 - 1600 CT, M - F (-6h CST/-5h CDT GMT)</hours>
        <cntinst>The USGS point of contact is for questions relating to the data display and download from this web site. For questions regarding data content and quality, refer to: &lt;http://www.mrlc.gov/mrlc2k.asp&gt; or email: mrlc@usgs.gov</cntinst>
      </cntinfo>
    </ptcontac>
    <browse>
      <browsen>http://tdds.cr.usgs.gov/browse/nlcd/2011/canopy/conus/NLCD2011_CAN_N36W093.jpg</browsen>
      <browsed>Tiled NLCD Browse Image</browsed>
      <browset>JPEG</browset>
    </browse>
    <datacred>USDA Forest Service Remote Sensing Applications Center</datacred>
    <secinfo>
      <secsys>none</secsys>
      <secclass>Unclassified</secclass>
      <sechandl>n/a</sechandl>
    </secinfo>
    <native>Microsoft Windows 7 Version 6.1 (Build 7601) Service Pack 1; ESRI ArcGIS 10.0.5.4400</native>
  </idinfo>
  <dataqual>
    <attracc>
      <attraccr>No formal independent accuracy assessment of this product has been made. The Random Forests? regression algorithm (Breiman 2001; Cutler et al. 2007) employed in creating this product calculates the mean of squared residuals along with percent variability explained by the model for assessing prediction reliability. The Random Forests? models consisted of 500 decision trees, which were used to determine the final response value. The response of each tree depended on a randomly chosen subset of predictor variables chosen independently (with replacement) for evaluation by that tree. The responses of the trees were averaged to obtain an estimate of the dependent variable. The standard error is the square root of the variance of the estimates given by all trees. A summary of the Random Forests? models is available in the supplemental metadata associated with the analytic version of this product.</attraccr>
      <qattracc>
        <attraccv>Unknown</attraccv>
        <attracce>Unknown</attracce>
      </qattracc>
    </attracc>
    <logic>Unknown</logic>
    <complete>This product is the cartographic version of the NLCD2011 USFS percent tree canopy product, version 1, dated 2014.</complete>
    <posacc>
      <horizpa>
        <horizpar>Unknown</horizpar>
        <qhorizpa>
          <horizpav>0</horizpav>
          <horizpae>Unknown</horizpae>
        </qhorizpa>
      </horizpa>
      <vertacc>
        <vertaccr>Unknown</vertaccr>
        <qvertpa>
          <vertaccv>0</vertaccv>
          <vertacce>Unknown</vertacce>
        </qvertpa>
      </vertacc>
    </posacc>
    <lineage>
      <srcinfo>
        <srccite>
          <citeinfo>
            <origin>Multi-Resolution Land Characteristics Consortium (MRLC)</origin>
            <pubdate>20110101</pubdate>
            <title>NLCD 2006 Land Cover</title>
            <geoform>raster digital data</geoform>
            <pubinfo>
              <pubplace>Sioux Falls, SD</pubplace>
              <publish>U.S. Geological Survey</publish>
            </pubinfo>
          </citeinfo>
        </srccite>
        <typesrc>None</typesrc>
        <srctime>
          <timeinfo>
            <sngdate>
              <caldate>Unknown</caldate>
            </sngdate>
          </timeinfo>
          <srccurr>Unknown</srccurr>
        </srctime>
        <srccitea>NLCD06LC</srccitea>
        <srccontr>land cover information</srccontr>
      </srcinfo>
      <srcinfo>
        <srccite>
          <citeinfo>
            <origin>USDA Forest Service Remote Sensing Applications Center</origin>
            <pubdate>20140331</pubdate>
            <title>NLCD 2011 USFS Percent Tree Canopy</title>
            <geoform>raster digital data</geoform>
            <pubinfo>
              <pubplace>Sioux Falls, SD</pubplace>
              <publish>U.S. Geological Survey</publish>
            </pubinfo>
          </citeinfo>
        </srccite>
        <typesrc>None</typesrc>
        <srctime>
          <timeinfo>
            <sngdate>
              <caldate>Unknown</caldate>
            </sngdate>
          </timeinfo>
          <srccurr>Unknown</srccurr>
        </srctime>
        <srccitea>NLCD2011TC</srccitea>
        <srccontr>percent tree canopy cover</srccontr>
      </srcinfo>
      <procstep>
        <procdesc>Creation of NLCD2011 USFS Percent Tree Canopy, cartographic version. The cartographic version of the percent tree canopy product is a filtered version of the corresponding analytic product, in which values less than a calculated uncertainty have been set to zero. In essence, the filtering process reduces errors of commission by eliminating values that are not significantly different from zero. A threshold value was determined for each of 68 geographic zones using data from 500 runs of the Random Forest? algorithm on bootstrap samples. From these data, t-statistics were calculated. For each zone, the t-statistic at the 95th interval was selected as the threshold value. Threshold values ranged from 0.5 to 1.6. To create the cartographic layer, the product of the t-statistic threshold value and the standard error from the analytic layer was compared to the analytic percent tree canopy value. If the threshold-error product was greater than the percent tree canopy, the tree canopy value for that pixel was set to zero in the cartographic layer; otherwise, the percent tree canopy from the analytic layer was used.</procdesc>
        <srcused>NLCD2006 LC, NLCD2011 TC</srcused>
        <procdate>20140101</procdate>
      </procstep>
    </lineage>
  </dataqual>
  <spdoinfo>
    <direct>Raster</direct>
    <rastinfo>
      <rasttype>Pixel</rasttype>
      <rowcount>11342</rowcount>
      <colcount>8933</colcount>
    </rastinfo>
  </spdoinfo>
  <spref>
    <horizsys>
      <planar>
        <mapproj>
          <mapprojn>Albers Conical Equal Area</mapprojn>
          <albers>
            <stdparll>29.500000</stdparll>
            <stdparll>45.500000</stdparll>
            <longcm>-96.000000</longcm>
            <latprjo>23.000000</latprjo>
            <feast>0.000000</feast>
            <fnorth>0.000000</fnorth>
          </albers>
        </mapproj>
        <planci>
          <plance>row and column</plance>
          <coordrep>
            <absres>30.000000</absres>
            <ordres>30.000000</ordres>
          </coordrep>
          <plandu>meters</plandu>
        </planci>
      </planar>
      <geodetic>
        <horizdn>North American Datum of 1983</horizdn>
        <ellips>Geodetic Reference System 80</ellips>
        <semiaxis>6378137.0</semiaxis>
        <denflat>298.2572221</denflat>
      </geodetic>
    </horizsys>
  </spref>
  <eainfo>
    <detailed>
      <enttyp>
        <enttypl>
nlcd2011_usfs_treecanopy_cartographic_3-31-2014.img.vat</enttypl>
        <enttypd>Unknown</enttypd>
        <enttypds>Unknown</enttypds>
      </enttyp>
      <attr>
        <attrlabl>OID</attrlabl>
        <attrdef>Internal feature number.</attrdef>
        <attrdefs>ESRI</attrdefs>
        <attrdomv>
          <udom>Sequential unique whole numbers that are automatically generated.</udom>
        </attrdomv>
      </attr>
      <attr>
        <attrlabl>Value</attrlabl>
        <attrdef>Percent tree canopy cover</attrdef>
        <attrdefs>Unknown</attrdefs>
        <attrdomv>
          <rdom>
            <rdommin>0</rdommin>
            <rdommax>100</rdommax>
            <attrunit>Percent</attrunit>
          </rdom>
        </attrdomv>
      </attr>
      <attr>
        <attrlabl>Count</attrlabl>
        <attrdef>Unknown</attrdef>
        <attrdefs>Unknown</attrdefs>
        <attrdomv>
          <edom>
            <edomv>Unknown</edomv>
            <edomvd>Unknown</edomvd>
            <edomvds>Unknown</edomvds>
          </edom>
        </attrdomv>
      </attr>
    </detailed>
  </eainfo>
  <distinfo>
    <distrib>
      <cntinfo>
        <cntorgp>
          <cntorg>U.S. Geological Survey</cntorg>
        </cntorgp>
        <cntpos>Customer Services Representative</cntpos>
        <cntaddr>
          <addrtype>mailing and physical</addrtype>
          <address>USGS National Geospatial Program Office</address>
          <address>12201 Sunrise Valley Drive</address>
          <city>Reston</city>
          <state>VA</state>
          <postal>20192</postal>
          <country>USA</country>
        </cntaddr>
        <cntvoice>1-888-ASK-USGS (1-888-275-8747)</cntvoice>
        <cntemail>tnm_help@usgs.gov</cntemail>
        <hours>Monday through Friday 8:00 AM to 4:00 PM Eastern Time Zone USA</hours>
        <cntinst>The USGS point of contact is for questions relating to the data display and download from this web site.</cntinst>
      </cntinfo>
    </distrib>
    <resdesc>Downloadable data</resdesc>
    <distliab>Although these data have been processed successfully on a computer system at the USGS, no warranty expressed or implied is made by the USGS regarding the use of the data on any other system, nor does the act of distribution constitute any such warranty.  Data may have been compiled from various outside sources.  Spatial information may not meet National Map Accuracy Standards.  This information may be updated without notification. The USGS shall not be liable for any activity involving these data, installation, fitness of the data for a particular purpose, its use, or analyses results.</distliab>
    <stdorder>
      <digform>
        <digtinfo>
          <formname>GeoTIFF</formname>
          <transize>44.494132</transize>
        </digtinfo>
        <digtopt>
          <onlinopt>
            <computer>
              <networka>
                <networkr>http://gisdata.usgs.gov/tdds/downloadfile.php?TYPE=nlcd2011_can_3x3&amp;ORIG=META&amp;FNAME=NLCD2011_CAN_N36W093.zip</networkr>
              </networka>
            </computer>
            <accinstr>The URL http://nationalmap.gov/viewer.html provides a download interface that allows for data downloads.  The download page allows the customer to download a zipped file that can be saved on the customer's computer.  The file can then be unzipped and imported into various user software applications.</accinstr>
            <oncomp>Not available for dissemination</oncomp>
          </onlinopt>
        </digtopt>
      </digform>
      <fees>None</fees>
      <ordering>Contact Customer Services</ordering>
      <turnarnd>Variable</turnarnd>
    </stdorder>
    <custom>Contact Customer Services Representative</custom>
    <techpreq>ESRI ArcMap Suite and/or Arc/Info software, and supporting operating systems.</techpreq>
  </distinfo>
  <metainfo>
    <metd>20140326</metd>
    <metc>
      <cntinfo>
        <cntorgp>
          <cntorg>U.S. Geological Survey</cntorg>
        </cntorgp>
        <cntpos>Customer Services Representative</cntpos>
        <cntaddr>
          <addrtype>mailing and physical</addrtype>
          <address>USGS/EROS</address>
          <address>47914 252nd Street</address>
          <city>Sioux Falls</city>
          <state>SD</state>
          <postal>57198-0001</postal>
          <country>US</country>
        </cntaddr>
        <cntvoice>605/594-6151</cntvoice>
        <cnttdd>605/594-6933</cnttdd>
        <cntfax>605/594-6589</cntfax>
        <cntemail>tnm_help@usgs.gov</cntemail>
        <hours>0800 - 1600 CT, M - F (-6h CST/-5h CDT GMT)</hours>
        <cntinst>The USGS point of contact is for questions relating to the data display and download from this web site. For questions regarding data content and quality, refer to: &lt;http://www.mrlc.gov/mrlc2k.asp&gt; or email: mrlc@usgs.gov</cntinst>
      </cntinfo>
    </metc>
    <metstdn>FGDC Content Standard for Digital Geospatial Metadata</metstdn>
    <metstdv>FGDC-STD-001-1998</metstdv>
    <mettc>local time</mettc>
    <metac>None</metac>
    <metuc>None</metuc>
  </metainfo>
</metadata>